runtime,metric,count,value
docker,daemon_rss_kb,0,119480
docker,per_container_kb,1,432
docker,total_containers_kb,1,432
docker,daemon_rss_kb,1,119736
docker,per_container_kb,3,428
docker,total_containers_kb,3,1284
docker,daemon_rss_kb,3,121912
docker,per_container_kb,5,429
docker,total_containers_kb,5,2148
docker,daemon_rss_kb,5,124472
podman,conmon_rss_kb,0,0
podman,per_container_kb,1,94
podman,total_containers_kb,1,94
podman,conmon_rss_kb,1,1828
podman,per_container_kb,3,99
podman,total_containers_kb,3,298
podman,conmon_rss_kb,3,5312
podman,per_container_kb,5,98
podman,total_containers_kb,5,490
podman,conmon_rss_kb,5,9052
